,age,sex,handedness,education_level,BMI,religious_now,religious_upbringing,religious_importance,background_SES,sexual_attraction_M,sexual_attraction_F,gender_identity_M,gender_identity_F
0,22,female,right,medium,23,yes,no,2.0,2.0,7.0,1.0,1.0,7.0
1,22,female,right,medium,20,no,no,-999.0,5.5,7.0,1.0,2.0,7.0
2,25,female,right,high,31,no,no,-999.0,3.0,6.0,3.0,1.0,6.0
3,22,female,right,high,20,no,yes,-999.0,5.0,6.0,2.0,1.0,7.0
4,22,male,right,high,23,no,no,-999.0,4.5,1.0,7.0,6.0,1.0
5,25,female,right,medium,23,no,no,-999.0,2.5,7.0,1.0,1.0,7.0
6,20,male,left,medium,39,no,yes,-999.0,4.0,-999.0,-999.0,-999.0,-999.0
7,20,female,right,medium,25,yes,yes,2.0,2.0,-999.0,-999.0,-999.0,-999.0
8,26,male,right,high,30,yes,yes,3.0,2.0,-999.0,-999.0,-999.0,-999.0
9,22,male,left,medium,22,no,no,-999.0,2.0,1.0,7.0,6.0,1.0
10,25,male,right,medium,22,no,no,-999.0,3.0,-999.0,-999.0,-999.0,-999.0
11,21,male,right,high,22,no,no,-999.0,4.5,1.0,7.0,7.0,1.0
12,24,male,right,medium,35,yes,yes,4.0,2.0,1.0,7.0,7.0,1.0
13,22,male,right,high,25,no,yes,-999.0,4.0,2.0,7.0,6.0,1.0
14,22,male,left,high,26,no,no,-999.0,3.5,-999.0,-999.0,-999.0,-999.0
15,20,male,right,medium,20,no,no,-999.0,3.5,1.0,7.0,7.0,1.0
16,24,male,right,medium,24,no,no,-999.0,4.0,-999.0,-999.0,-999.0,-999.0
17,20,male,right,high,23,no,no,-999.0,6.0,2.0,6.0,7.0,1.0
18,22,female,right,high,19,no,no,-999.0,4.5,-999.0,-999.0,-999.0,-999.0
19,20,female,right,medium,29,no,no,-999.0,2.0,6.0,2.0,1.0,7.0
20,23,male,right,high,22,no,no,-999.0,5.0,1.0,7.0,7.0,1.0
21,24,female,right,high,22,no,no,-999.0,3.0,7.0,1.0,2.0,6.0
22,25,female,right,high,19,no,no,-999.0,4.5,-999.0,-999.0,-999.0,-999.0
23,24,male,right,high,21,no,yes,-999.0,3.5,1.0,7.0,7.0,1.0
24,23,female,right,high,20,no,no,-999.0,3.5,-999.0,-999.0,-999.0,-999.0
25,21,female,right,medium,32,no,no,-999.0,4.5,-999.0,-999.0,-999.0,-999.0
26,23,male,right,high,20,no,no,-999.0,5.0,-999.0,-999.0,-999.0,-999.0
27,24,female,right,high,20,no,no,-999.0,5.0,-999.0,-999.0,-999.0,-999.0
28,26,male,right,high,21,no,no,-999.0,5.0,1.0,7.0,6.0,2.0
29,23,male,left,high,25,no,no,-999.0,4.0,-999.0,-999.0,-999.0,-999.0
30,25,female,right,high,24,yes,yes,1.0,4.5,-999.0,-999.0,-999.0,-999.0
31,23,female,right,high,20,no,no,-999.0,4.5,5.0,3.0,1.0,7.0
32,26,female,left,medium,19,no,no,-999.0,4.0,-999.0,-999.0,-999.0,-999.0
33,24,male,right,medium,20,no,no,-999.0,3.5,1.0,7.0,5.0,2.0
34,21,female,right,high,23,no,no,-999.0,4.5,7.0,1.0,1.0,7.0
35,20,female,left,high,24,no,yes,-999.0,5.5,6.0,2.0,1.0,6.0
36,24,female,right,medium,22,no,no,-999.0,2.5,-999.0,-999.0,-999.0,-999.0
37,20,male,right,medium,20,no,yes,-999.0,3.0,1.0,7.0,6.0,2.0
38,22,male,left,medium,22,no,yes,-999.0,4.0,-999.0,-999.0,-999.0,-999.0
39,25,female,right,medium,25,no,no,-999.0,2.5,-999.0,-999.0,-999.0,-999.0
40,25,male,right,low,21,no,no,-999.0,4.5,1.0,7.0,6.0,2.0
41,24,male,left,medium,18,yes,yes,1.0,2.0,1.0,1.0,7.0,1.0
42,25,female,right,high,23,no,yes,-999.0,5.0,-999.0,-999.0,-999.0,-999.0
43,22,female,right,high,23,yes,yes,2.0,5.0,-999.0,-999.0,-999.0,-999.0
44,20,male,right,medium,26,no,no,-999.0,3.5,1.0,7.0,7.0,1.0
45,20,male,right,medium,23,no,no,-999.0,3.5,-999.0,-999.0,-999.0,-999.0
46,22,female,right,medium,19,no,no,-999.0,4.5,6.0,3.0,1.0,7.0
47,21,male,right,high,20,no,no,-999.0,6.0,-999.0,-999.0,-999.0,-999.0
48,24,female,right,high,17,no,no,-999.0,5.0,7.0,7.0,1.0,6.0
49,22,female,right,high,23,no,yes,-999.0,5.0,-999.0,-999.0,-999.0,-999.0
50,23,female,right,high,20,no,no,-999.0,5.0,-999.0,-999.0,-999.0,-999.0
51,22,female,right,high,22,no,no,-999.0,6.0,6.0,2.0,1.0,7.0
52,21,male,right,high,21,no,no,-999.0,3.5,-999.0,-999.0,-999.0,-999.0
53,22,male,left,medium,23,no,no,-999.0,4.5,1.0,7.0,7.0,1.0
54,22,male,left,medium,20,no,no,-999.0,2.5,-999.0,-999.0,-999.0,-999.0
55,20,male,right,medium,21,yes,no,2.0,2.0,2.0,7.0,5.0,3.0
56,25,male,right,medium,29,no,yes,-999.0,5.0,1.0,7.0,7.0,1.0
57,24,male,right,medium,21,no,no,-999.0,4.0,1.0,7.0,5.0,2.0
58,24,male,right,low,44,no,no,-999.0,3.5,1.0,7.0,7.0,1.0
59,24,male,right,high,33,no,no,-999.0,3.0,-999.0,-999.0,-999.0,-999.0
60,26,female,right,medium,18,yes,yes,1.0,3.0,7.0,1.0,1.0,7.0
61,20,female,left,high,25,no,no,-999.0,2.0,7.0,1.0,1.0,7.0
62,23,male,right,medium,23,no,no,-999.0,3.0,1.0,7.0,7.0,1.0
63,22,female,right,medium,32,no,no,-999.0,4.5,5.0,3.0,1.0,6.0
64,20,female,right,low,28,no,no,-999.0,2.0,-999.0,-999.0,-999.0,-999.0
65,23,male,right,high,21,no,no,-999.0,6.0,1.0,7.0,7.0,1.0
66,21,female,right,high,20,no,no,-999.0,5.0,7.0,1.0,1.0,6.0
67,20,male,right,medium,20,no,no,-999.0,3.5,1.0,7.0,5.0,1.0
68,24,female,right,high,23,yes,yes,1.0,2.0,-999.0,-999.0,-999.0,-999.0
69,24,female,left,medium,20,yes,yes,5.0,3.0,-999.0,-999.0,-999.0,-999.0
70,21,male,right,high,23,no,yes,-999.0,6.0,1.0,7.0,5.0,1.0
71,21,female,right,medium,24,no,no,-999.0,5.0,5.0,3.0,1.0,7.0
72,21,male,right,low,17,yes,no,3.0,3.0,-999.0,-999.0,-999.0,-999.0
73,25,female,right,high,20,no,no,-999.0,5.0,-999.0,-999.0,-999.0,-999.0
74,24,male,right,high,23,no,no,-999.0,2.0,-999.0,-999.0,-999.0,-999.0
75,26,male,right,medium,21,no,no,-999.0,4.0,1.0,7.0,7.0,1.0
76,25,male,right,medium,27,no,no,-999.0,3.5,1.0,7.0,7.0,1.0
77,20,male,right,medium,20,no,yes,-999.0,3.5,-999.0,-999.0,-999.0,-999.0
78,25,female,right,medium,20,no,no,-999.0,3.0,-999.0,-999.0,-999.0,-999.0
79,20,female,right,high,23,no,yes,-999.0,3.5,7.0,1.0,1.0,6.0
80,21,female,right,low,39,no,no,-999.0,3.5,-999.0,-999.0,-999.0,-999.0
81,26,male,right,high,22,no,no,-999.0,6.0,-999.0,-999.0,-999.0,-999.0
82,24,male,right,high,23,no,no,-999.0,5.0,-999.0,-999.0,-999.0,-999.0
83,20,female,right,medium,19,yes,yes,4.0,3.0,-999.0,-999.0,-999.0,-999.0
84,22,male,right,high,22,no,no,-999.0,3.0,1.0,7.0,6.0,2.0
85,22,female,right,medium,19,no,no,-999.0,3.5,-999.0,-999.0,-999.0,-999.0
86,22,male,right,high,34,yes,yes,4.0,5.0,1.0,7.0,7.0,1.0
87,24,female,right,medium,21,no,no,-999.0,2.0,-999.0,-999.0,-999.0,-999.0
88,24,female,right,medium,24,no,no,-999.0,2.0,-999.0,-999.0,-999.0,-999.0
89,22,male,right,high,23,no,no,-999.0,5.0,1.0,7.0,7.0,1.0
90,20,female,right,medium,23,no,no,-999.0,4.5,-999.0,-999.0,-999.0,-999.0
91,23,female,left,high,20,no,no,-999.0,6.0,7.0,1.0,1.0,7.0
92,22,female,right,high,22,no,no,-999.0,6.0,-999.0,-999.0,-999.0,-999.0
93,22,female,right,medium,22,no,yes,-999.0,6.0,-999.0,-999.0,-999.0,-999.0
94,21,female,right,medium,23,yes,yes,3.0,4.0,7.0,1.0,1.0,7.0
95,20,male,right,medium,22,no,no,-999.0,3.5,-999.0,-999.0,-999.0,-999.0
96,23,female,right,high,27,no,no,-999.0,4.0,7.0,1.0,1.0,7.0
97,22,male,right,low,25,no,no,-999.0,3.0,1.0,7.0,7.0,1.0
98,23,female,right,medium,25,yes,yes,3.0,4.5,7.0,1.0,1.0,7.0
99,26,male,right,high,24,yes,yes,2.0,4.0,1.0,7.0,7.0,1.0
100,22,female,right,high,27,no,no,-999.0,5.0,-999.0,-999.0,-999.0,-999.0
101,25,male,right,high,27,no,no,-999.0,6.0,-999.0,-999.0,-999.0,-999.0
102,25,female,right,high,21,no,no,-999.0,5.0,7.0,1.0,1.0,7.0
103,23,female,right,medium,19,no,yes,-999.0,2.0,7.0,1.0,1.0,5.0
104,22,male,right,high,29,yes,yes,2.0,2.0,-999.0,-999.0,-999.0,-999.0
105,23,male,right,high,23,yes,no,3.0,3.0,1.0,7.0,7.0,1.0
106,25,female,right,low,44,no,yes,-999.0,2.0,-999.0,-999.0,-999.0,-999.0
107,23,female,right,low,29,no,no,-999.0,5.0,7.0,1.0,1.0,7.0
108,21,male,right,medium,20,no,no,-999.0,3.5,1.0,7.0,7.0,1.0
109,22,female,right,high,28,no,no,-999.0,6.0,6.0,5.0,2.0,6.0
110,22,male,right,low,19,no,no,-999.0,6.0,2.0,6.0,7.0,1.0
111,24,male,right,high,25,no,no,-999.0,3.0,-999.0,-999.0,-999.0,-999.0
112,24,male,right,low,31,no,no,-999.0,2.0,1.0,7.0,7.0,1.0
113,24,male,right,high,22,no,no,-999.0,5.0,-999.0,-999.0,-999.0,-999.0
114,24,male,right,high,27,no,no,-999.0,3.5,2.0,6.0,6.0,3.0
115,24,male,left,high,20,no,no,-999.0,5.5,-999.0,-999.0,-999.0,-999.0
116,20,female,right,high,0,no,no,-999.0,5.0,6.0,2.0,2.0,6.0
117,23,female,right,medium,22,no,no,-999.0,5.0,6.0,2.0,1.0,7.0
118,24,male,right,medium,17,no,yes,-999.0,4.0,1.0,7.0,7.0,1.0
119,26,male,right,high,25,yes,yes,2.0,5.0,-999.0,-999.0,-999.0,-999.0
120,23,female,right,medium,27,yes,yes,5.0,3.5,-999.0,-999.0,-999.0,-999.0
121,25,male,right,medium,22,no,no,-999.0,4.0,1.0,7.0,7.0,1.0
122,21,female,right,medium,26,no,no,-999.0,5.0,6.0,2.0,1.0,7.0
123,21,female,right,high,21,no,yes,-999.0,4.0,7.0,1.0,1.0,7.0
124,25,male,right,medium,25,no,yes,-999.0,5.0,2.0,7.0,7.0,2.0
125,20,female,right,low,19,yes,yes,2.0,6.0,7.0,1.0,1.0,7.0
126,25,female,right,medium,24,yes,yes,5.0,2.0,-999.0,-999.0,-999.0,-999.0
127,21,male,right,high,24,no,no,-999.0,4.0,-999.0,-999.0,-999.0,-999.0
128,22,male,right,medium,22,no,no,-999.0,3.5,1.0,7.0,7.0,1.0
129,22,female,right,medium,27,yes,yes,2.0,5.0,-999.0,-999.0,-999.0,-999.0
130,21,female,right,medium,31,no,no,-999.0,4.0,2.0,6.0,1.0,7.0
131,24,male,left,high,23,no,yes,-999.0,4.0,1.0,7.0,7.0,1.0
132,23,female,right,medium,25,no,no,-999.0,2.0,7.0,1.0,1.0,7.0
133,24,female,right,high,20,no,no,-999.0,4.5,-999.0,-999.0,-999.0,-999.0
134,24,male,right,high,21,no,no,-999.0,4.0,-999.0,-999.0,-999.0,-999.0
135,20,female,right,high,23,no,no,-999.0,5.5,7.0,2.0,1.0,7.0
136,22,female,right,high,21,no,no,-999.0,6.0,6.0,2.0,1.0,7.0
137,22,female,right,medium,46,yes,yes,3.0,2.0,-999.0,-999.0,-999.0,-999.0
138,20,male,right,medium,20,no,yes,-999.0,5.0,1.0,7.0,6.0,1.0
139,23,male,right,medium,31,yes,yes,4.0,2.0,-999.0,-999.0,-999.0,-999.0
140,24,female,right,medium,19,yes,yes,5.0,4.0,-999.0,-999.0,-999.0,-999.0
141,22,female,left,medium,22,no,no,-999.0,2.5,-999.0,-999.0,-999.0,-999.0
142,22,female,right,medium,28,no,yes,-999.0,3.5,-999.0,-999.0,-999.0,-999.0
143,21,female,left,high,21,no,no,-999.0,5.0,-999.0,-999.0,-999.0,-999.0
144,20,female,right,medium,22,yes,yes,5.0,3.0,-999.0,-999.0,-999.0,-999.0
145,25,male,right,high,20,no,no,-999.0,4.0,7.0,1.0,7.0,1.0
146,26,male,right,medium,26,no,no,-999.0,2.0,1.0,7.0,7.0,1.0
147,24,male,right,high,21,no,no,-999.0,6.0,2.0,6.0,7.0,1.0
148,25,male,right,medium,38,no,yes,-999.0,2.0,1.0,7.0,7.0,1.0
149,22,female,right,high,18,no,no,-999.0,6.0,6.0,2.0,1.0,7.0
150,22,male,right,medium,23,no,no,-999.0,2.5,-999.0,-999.0,-999.0,-999.0
151,24,female,right,high,22,no,no,-999.0,3.0,6.0,3.0,1.0,7.0
152,24,male,right,high,23,no,no,-999.0,6.0,1.0,7.0,7.0,1.0
153,21,female,right,medium,29,no,no,-999.0,4.0,7.0,1.0,1.0,7.0
154,25,female,right,medium,25,no,no,-999.0,2.0,7.0,1.0,1.0,7.0
155,25,female,left,high,28,no,no,-999.0,3.5,7.0,1.0,1.0,6.0
156,23,male,left,high,28,no,no,-999.0,5.5,1.0,7.0,7.0,1.0
157,24,male,left,medium,21,no,no,-999.0,4.5,1.0,7.0,7.0,1.0
158,20,male,right,medium,19,no,no,-999.0,6.0,1.0,7.0,7.0,1.0
159,23,female,right,low,27,no,no,-999.0,3.0,-999.0,-999.0,-999.0,-999.0
160,24,male,right,medium,22,no,yes,-999.0,5.0,-999.0,-999.0,-999.0,-999.0
161,24,female,right,medium,47,no,no,-999.0,3.0,5.0,3.0,2.0,6.0
162,24,male,right,medium,24,yes,no,3.0,3.5,4.0,4.0,7.0,1.0
163,22,female,right,high,28,yes,yes,1.0,3.0,-999.0,-999.0,-999.0,-999.0
164,25,female,right,medium,39,no,no,-999.0,3.0,7.0,1.0,1.0,7.0
165,25,female,right,high,20,yes,yes,1.0,2.0,-999.0,-999.0,-999.0,-999.0
166,22,female,right,high,27,yes,yes,3.0,2.0,-999.0,-999.0,-999.0,-999.0
167,24,female,right,low,27,no,no,-999.0,2.0,7.0,1.0,1.0,7.0
168,24,female,right,medium,23,yes,no,2.0,2.0,-999.0,-999.0,-999.0,-999.0
169,25,female,right,medium,22,no,no,-999.0,3.5,-999.0,-999.0,-999.0,-999.0
170,24,male,right,high,23,no,no,-999.0,6.0,-999.0,-999.0,-999.0,-999.0
171,23,male,right,high,21,no,no,-999.0,6.0,1.0,7.0,7.0,1.0
172,23,female,right,high,20,no,no,-999.0,3.0,-999.0,-999.0,-999.0,-999.0
173,24,female,left,high,23,no,no,-999.0,4.5,7.0,1.0,1.0,7.0
174,22,male,right,medium,32,no,yes,-999.0,2.5,-999.0,-999.0,-999.0,-999.0
175,24,female,right,high,20,no,no,-999.0,4.5,-999.0,-999.0,-999.0,-999.0
176,25,female,right,medium,26,no,no,-999.0,4.0,7.0,1.0,1.0,7.0
177,23,male,right,low,19,no,yes,-999.0,4.0,-999.0,-999.0,-999.0,-999.0
178,20,male,right,medium,23,no,no,-999.0,2.0,-999.0,-999.0,-999.0,-999.0
179,26,male,right,low,20,no,no,-999.0,2.5,1.0,7.0,7.0,1.0
180,25,female,right,high,21,no,no,-999.0,3.5,7.0,7.0,1.0,7.0
181,26,female,right,high,20,no,no,-999.0,6.0,-999.0,-999.0,-999.0,-999.0
182,26,female,right,high,21,no,no,-999.0,4.5,6.0,2.0,1.0,7.0
183,22,female,left,high,24,no,no,-999.0,5.0,-999.0,-999.0,-999.0,-999.0
184,20,female,right,high,17,no,no,-999.0,5.0,-999.0,-999.0,-999.0,-999.0
185,21,male,right,high,24,no,yes,-999.0,5.5,1.0,7.0,7.0,1.0
186,21,female,right,medium,29,yes,yes,2.0,3.0,7.0,1.0,1.0,6.0
187,24,male,right,high,26,yes,yes,5.0,5.0,1.0,7.0,7.0,1.0
188,23,female,right,high,25,no,no,-999.0,5.0,7.0,1.0,2.0,6.0
189,24,female,right,medium,32,yes,yes,3.0,4.0,7.0,1.0,1.0,7.0
190,25,female,right,high,23,no,no,-999.0,5.0,-999.0,-999.0,-999.0,-999.0
191,20,female,right,medium,19,no,no,-999.0,4.0,7.0,1.0,1.0,7.0
192,22,male,right,high,24,no,no,-999.0,6.0,1.0,7.0,7.0,1.0
193,24,male,right,medium,24,no,no,-999.0,3.0,-999.0,-999.0,-999.0,-999.0
194,24,male,right,low,21,no,no,-999.0,6.0,1.0,7.0,6.0,2.0
195,22,male,right,high,24,no,no,-999.0,4.5,-999.0,-999.0,-999.0,-999.0
196,24,male,right,medium,20,no,yes,-999.0,4.5,1.0,7.0,2.0,1.0
197,22,male,right,medium,22,no,no,-999.0,3.0,1.0,7.0,7.0,1.0
198,22,male,right,medium,21,no,no,-999.0,4.0,1.0,7.0,7.0,1.0
199,21,male,right,medium,22,no,no,-999.0,4.0,-999.0,-999.0,-999.0,-999.0
200,24,male,right,low,24,no,no,-999.0,4.5,7.0,1.0,7.0,1.0
201,22,male,left,high,22,no,no,-999.0,6.0,1.0,7.0,7.0,1.0
202,25,male,right,high,22,no,no,-999.0,6.0,-999.0,-999.0,-999.0,-999.0
203,22,female,right,medium,20,no,no,-999.0,3.0,-999.0,-999.0,-999.0,-999.0
204,24,female,right,high,25,yes,yes,1.0,3.5,-999.0,-999.0,-999.0,-999.0
205,20,male,right,medium,27,no,no,-999.0,4.0,-999.0,-999.0,-999.0,-999.0
206,24,female,right,high,18,no,no,-999.0,6.0,7.0,1.0,1.0,7.0
207,22,male,right,high,25,no,no,-999.0,5.5,-999.0,-999.0,-999.0,-999.0
208,26,female,right,low,24,yes,no,2.0,3.5,5.0,3.0,1.0,7.0
209,22,male,left,high,24,no,no,-999.0,6.0,2.0,6.0,7.0,1.0
210,20,female,right,high,20,no,no,-999.0,5.0,-999.0,-999.0,-999.0,-999.0
211,21,male,right,medium,21,no,no,-999.0,4.0,1.0,7.0,7.0,1.0
212,22,female,left,medium,27,no,no,-999.0,3.0,7.0,1.0,1.0,7.0
213,22,female,right,high,20,no,no,-999.0,6.0,6.0,2.0,1.0,7.0
214,20,female,left,high,24,no,no,-999.0,2.0,-999.0,-999.0,-999.0,-999.0
215,22,female,right,medium,20,yes,no,4.0,4.5,-999.0,-999.0,-999.0,-999.0
216,25,female,right,high,30,yes,yes,5.0,5.0,-999.0,-999.0,-999.0,-999.0
217,21,female,right,low,28,yes,yes,4.0,4.5,-999.0,-999.0,-999.0,-999.0
218,21,female,right,high,36,no,no,-999.0,6.0,7.0,2.0,1.0,6.0
219,25,female,right,high,39,yes,no,3.0,3.5,7.0,1.0,1.0,7.0
220,21,female,right,medium,27,yes,yes,5.0,4.5,-999.0,-999.0,-999.0,-999.0
221,22,male,right,medium,27,no,yes,-999.0,4.5,1.0,7.0,7.0,1.0
222,24,female,right,high,21,yes,yes,2.0,6.0,-999.0,-999.0,-999.0,-999.0
223,26,male,right,medium,23,no,no,-999.0,3.5,-999.0,-999.0,-999.0,-999.0
224,20,male,right,medium,31,yes,no,1.0,3.0,1.0,7.0,6.0,2.0
225,24,female,right,medium,24,no,no,-999.0,5.0,-999.0,-999.0,-999.0,-999.0
226,26,male,left,low,28,yes,yes,2.0,2.5,1.0,7.0,5.0,2.0
227,24,male,right,high,28,no,no,-999.0,4.0,1.0,7.0,7.0,1.0
228,25,male,right,high,26,no,no,-999.0,5.0,1.0,7.0,7.0,1.0
229,21,female,right,high,21,no,no,-999.0,4.0,-999.0,-999.0,-999.0,-999.0
230,21,male,right,medium,22,no,no,-999.0,4.5,1.0,7.0,7.0,1.0
231,26,female,left,high,25,no,no,-999.0,6.0,7.0,1.0,1.0,7.0
232,25,male,right,low,24,no,yes,-999.0,5.0,1.0,7.0,7.0,1.0
233,22,male,right,medium,28,no,no,-999.0,6.0,1.0,7.0,6.0,1.0
234,22,male,right,medium,21,yes,no,1.0,4.0,1.0,7.0,7.0,1.0
235,20,female,right,medium,29,no,no,-999.0,3.0,7.0,1.0,1.0,7.0
236,23,female,right,high,22,no,yes,-999.0,6.0,-999.0,-999.0,-999.0,-999.0
237,24,male,right,medium,21,no,no,-999.0,3.5,-999.0,-999.0,-999.0,-999.0
238,23,male,right,medium,24,no,no,-999.0,6.0,-999.0,-999.0,-999.0,-999.0
239,25,male,right,medium,21,no,yes,-999.0,2.0,-999.0,-999.0,-999.0,-999.0
240,20,female,right,high,25,no,yes,-999.0,3.0,6.0,1.0,1.0,7.0
241,24,male,right,high,22,no,no,-999.0,5.0,-999.0,-999.0,-999.0,-999.0
242,23,female,right,medium,36,no,no,-999.0,2.5,7.0,1.0,1.0,7.0
243,22,male,right,medium,21,no,no,-999.0,6.0,7.0,1.0,7.0,1.0
244,22,male,right,medium,19,no,no,-999.0,4.0,7.0,1.0,7.0,1.0
245,22,male,right,medium,27,no,no,-999.0,5.0,1.0,7.0,7.0,1.0
246,23,male,right,low,23,yes,yes,1.0,2.0,1.0,7.0,7.0,1.0
247,21,male,right,high,25,no,yes,-999.0,4.5,-999.0,-999.0,-999.0,-999.0
248,22,female,right,high,20,no,yes,-999.0,4.0,-999.0,-999.0,-999.0,-999.0
249,21,male,right,medium,17,yes,yes,4.0,5.0,-999.0,-999.0,-999.0,-999.0
250,25,male,right,high,27,no,no,-999.0,6.0,1.0,7.0,7.0,1.0
251,25,male,right,medium,24,no,no,-999.0,3.0,1.0,7.0,7.0,1.0
252,24,male,right,high,25,no,no,-999.0,6.0,1.0,7.0,7.0,1.0
253,20,female,right,medium,22,yes,yes,3.0,2.5,7.0,1.0,1.0,6.0
254,23,female,right,high,43,yes,yes,2.0,3.0,7.0,2.0,1.0,7.0
255,23,male,right,low,23,no,no,-999.0,3.0,-999.0,-999.0,-999.0,-999.0
256,24,female,right,high,20,no,no,-999.0,3.0,7.0,1.0,1.0,7.0
257,22,male,right,medium,19,yes,yes,1.0,2.5,1.0,7.0,7.0,1.0
258,24,female,right,medium,25,yes,yes,5.0,2.5,7.0,1.0,1.0,7.0
259,22,female,right,medium,26,no,no,-999.0,3.0,7.0,1.0,1.0,7.0
260,21,male,right,medium,23,no,no,-999.0,4.0,7.0,1.0,4.0,3.0
261,21,female,right,high,27,yes,yes,4.0,4.0,7.0,1.0,1.0,7.0
262,21,female,right,high,22,no,no,-999.0,6.0,7.0,1.0,1.0,7.0
263,24,female,right,medium,21,yes,yes,3.0,3.5,7.0,1.0,1.0,7.0
264,24,male,right,medium,23,no,no,-999.0,5.0,7.0,1.0,6.0,1.0
265,24,female,right,high,24,no,yes,-999.0,5.0,7.0,2.0,1.0,6.0
266,21,female,right,high,31,no,no,-999.0,2.0,-999.0,-999.0,-999.0,-999.0
267,24,male,right,high,27,no,yes,-999.0,4.5,2.0,6.0,6.0,2.0
268,26,female,right,high,28,no,no,-999.0,5.0,-999.0,-999.0,-999.0,-999.0
269,25,male,right,high,22,no,no,-999.0,5.0,-999.0,-999.0,-999.0,-999.0
270,24,male,right,medium,20,yes,no,1.0,3.5,-999.0,-999.0,-999.0,-999.0
271,23,female,left,low,25,no,no,-999.0,4.0,6.0,2.0,1.0,7.0
272,23,female,right,high,22,no,no,-999.0,4.5,7.0,2.0,2.0,6.0
273,26,male,left,high,24,no,yes,-999.0,5.5,-999.0,-999.0,-999.0,-999.0
274,26,male,right,high,24,no,no,-999.0,5.5,-999.0,-999.0,-999.0,-999.0
275,24,male,left,medium,21,no,no,-999.0,5.0,1.0,7.0,7.0,1.0
276,21,male,right,medium,24,no,no,-999.0,3.0,1.0,7.0,7.0,1.0
277,25,female,right,medium,30,no,no,-999.0,4.5,7.0,1.0,1.0,5.0
278,24,female,right,medium,22,yes,yes,3.0,2.0,4.0,4.0,1.0,7.0
279,24,male,right,high,29,no,no,-999.0,5.0,-999.0,-999.0,-999.0,-999.0
280,26,male,right,medium,23,no,no,-999.0,5.0,1.0,7.0,7.0,1.0
281,20,male,right,low,17,yes,yes,2.0,4.0,1.0,7.0,7.0,1.0
282,23,female,right,medium,40,yes,yes,5.0,3.5,-999.0,-999.0,-999.0,-999.0
283,26,female,right,high,24,no,no,-999.0,4.5,-999.0,-999.0,-999.0,-999.0
284,26,female,right,medium,27,yes,yes,3.0,2.0,-999.0,-999.0,-999.0,-999.0
285,22,female,right,medium,20,no,no,-999.0,2.0,6.0,2.0,1.0,7.0
286,23,female,left,medium,23,no,no,-999.0,4.0,-999.0,-999.0,-999.0,-999.0
287,20,female,right,high,20,no,no,-999.0,6.0,7.0,1.0,1.0,1.0
288,20,male,right,high,25,no,no,-999.0,4.5,1.0,7.0,7.0,1.0
289,25,female,right,high,21,yes,no,2.0,5.0,7.0,1.0,1.0,7.0
290,24,female,right,medium,21,no,no,-999.0,2.5,4.0,4.0,1.0,7.0
291,22,female,right,medium,31,no,no,-999.0,2.0,7.0,1.0,1.0,7.0
292,20,male,right,medium,23,no,no,-999.0,4.0,1.0,7.0,7.0,1.0
293,21,male,right,medium,28,no,yes,-999.0,3.5,1.0,7.0,7.0,1.0
294,22,female,right,high,21,no,no,-999.0,5.0,-999.0,-999.0,-999.0,-999.0
295,24,female,right,high,22,no,no,-999.0,5.5,-999.0,-999.0,-999.0,-999.0
296,20,female,right,medium,26,no,no,-999.0,2.5,5.0,3.0,2.0,6.0
297,23,female,right,medium,31,no,yes,-999.0,3.5,7.0,1.0,1.0,7.0
298,23,male,right,high,22,no,no,-999.0,5.0,-999.0,-999.0,-999.0,-999.0
299,24,male,right,medium,27,no,no,-999.0,3.0,1.0,7.0,7.0,1.0
300,22,female,right,medium,32,yes,yes,2.0,3.5,5.0,3.0,1.0,7.0
301,24,female,right,medium,27,yes,yes,2.0,3.0,-999.0,-999.0,-999.0,-999.0
302,24,male,left,low,27,no,no,-999.0,2.5,1.0,7.0,6.0,2.0
303,22,female,left,medium,22,yes,yes,3.0,4.0,-999.0,-999.0,-999.0,-999.0
304,21,male,left,high,23,no,no,-999.0,5.0,-999.0,-999.0,-999.0,-999.0
305,22,male,right,high,19,no,no,-999.0,4.0,-999.0,-999.0,-999.0,-999.0
306,20,female,left,high,23,no,no,-999.0,3.5,7.0,1.0,1.0,7.0
307,20,female,right,medium,24,yes,yes,3.0,3.5,-999.0,-999.0,-999.0,-999.0
308,21,female,right,medium,24,no,no,-999.0,3.0,7.0,1.0,1.0,7.0
309,22,male,right,low,23,no,no,-999.0,4.0,-999.0,-999.0,-999.0,-999.0
310,24,female,right,high,23,no,no,-999.0,5.0,7.0,1.0,1.0,7.0
311,20,female,right,medium,25,no,no,-999.0,3.0,7.0,2.0,1.0,7.0
312,21,female,left,high,24,no,no,-999.0,5.0,7.0,1.0,1.0,7.0
313,23,female,right,high,26,no,no,-999.0,6.0,-999.0,-999.0,-999.0,-999.0
314,23,male,right,medium,23,no,yes,-999.0,4.5,-999.0,-999.0,-999.0,-999.0
315,21,male,right,low,30,no,no,-999.0,4.0,1.0,7.0,7.0,1.0
316,22,male,right,high,28,no,yes,-999.0,5.0,-999.0,-999.0,-999.0,-999.0
317,21,male,right,high,23,no,yes,-999.0,4.5,-999.0,-999.0,-999.0,-999.0
318,23,female,right,low,30,no,no,-999.0,2.0,7.0,1.0,1.0,7.0
319,25,female,right,high,26,yes,yes,2.0,3.0,7.0,1.0,1.0,7.0
320,26,male,left,high,24,yes,yes,1.0,3.5,-999.0,-999.0,-999.0,-999.0
321,22,male,right,medium,21,yes,yes,3.0,3.0,1.0,7.0,7.0,1.0
322,25,male,right,high,27,no,yes,-999.0,4.0,-999.0,-999.0,-999.0,-999.0
323,22,female,right,high,22,no,no,-999.0,4.5,7.0,2.0,1.0,7.0
324,25,female,right,high,24,no,yes,-999.0,5.0,6.0,3.0,3.0,4.0
325,22,female,right,high,23,no,yes,-999.0,4.5,7.0,1.0,1.0,7.0
326,25,female,right,high,22,no,no,-999.0,3.5,7.0,2.0,1.0,6.0
327,20,male,right,medium,26,no,no,-999.0,2.5,1.0,7.0,7.0,1.0
328,20,male,right,high,27,no,no,-999.0,4.0,1.0,7.0,7.0,1.0
329,20,male,right,medium,21,no,yes,-999.0,4.0,1.0,6.0,6.0,2.0
330,22,female,right,low,29,no,no,-999.0,3.5,7.0,1.0,1.0,7.0
331,21,male,right,high,20,yes,yes,2.0,6.0,6.0,1.0,6.0,2.0
332,26,male,left,high,25,no,no,-999.0,3.0,-999.0,-999.0,-999.0,-999.0
333,22,male,right,medium,19,no,no,-999.0,4.0,1.0,7.0,6.0,1.0
334,21,male,left,high,20,no,no,-999.0,6.0,1.0,7.0,7.0,1.0
335,21,male,right,high,22,no,no,-999.0,4.0,2.0,7.0,7.0,1.0
336,22,female,left,low,21,no,no,-999.0,3.0,7.0,2.0,1.0,7.0
337,24,male,right,medium,20,yes,yes,2.0,3.5,-999.0,-999.0,-999.0,-999.0
338,23,female,right,high,27,no,no,-999.0,6.0,3.0,6.0,3.0,4.0
339,24,female,right,high,20,no,no,-999.0,4.5,6.0,2.0,1.0,6.0
340,22,female,right,low,23,no,no,-999.0,2.0,-999.0,-999.0,-999.0,-999.0
341,25,female,right,medium,26,no,no,-999.0,3.0,7.0,7.0,1.0,7.0
342,25,male,right,high,24,no,no,-999.0,4.5,-999.0,-999.0,-999.0,-999.0
343,23,female,right,high,37,no,no,-999.0,3.0,-999.0,-999.0,-999.0,-999.0
344,22,female,right,high,22,no,no,-999.0,4.5,6.0,2.0,1.0,7.0
345,22,female,right,high,19,no,no,-999.0,4.0,-999.0,-999.0,-999.0,-999.0
346,22,male,right,medium,19,no,no,-999.0,2.0,1.0,7.0,7.0,1.0
347,24,male,left,high,20,yes,yes,3.0,4.0,2.0,6.0,5.0,2.0
348,22,female,right,low,24,no,no,-999.0,4.5,6.0,4.0,3.0,6.0
349,24,male,right,medium,21,yes,yes,4.0,4.0,1.0,7.0,7.0,1.0
350,25,female,right,high,26,no,no,-999.0,6.0,7.0,1.0,1.0,7.0
351,21,female,right,high,17,no,no,-999.0,5.0,6.0,2.0,1.0,6.0
352,22,female,left,medium,23,no,no,-999.0,4.0,7.0,1.0,1.0,7.0
353,21,female,right,medium,19,yes,yes,5.0,4.0,7.0,1.0,1.0,7.0
354,25,female,right,high,20,no,no,-999.0,4.0,5.0,3.0,1.0,7.0
355,25,male,left,low,29,no,no,-999.0,3.5,-999.0,-999.0,-999.0,-999.0
356,21,female,right,medium,29,yes,yes,2.0,2.0,-999.0,-999.0,-999.0,-999.0
357,23,female,right,medium,18,yes,yes,4.0,5.0,-999.0,-999.0,-999.0,-999.0
358,20,female,right,medium,18,yes,yes,2.0,5.0,7.0,1.0,1.0,7.0
359,22,female,right,medium,23,no,no,-999.0,4.0,-999.0,-999.0,-999.0,-999.0
360,20,male,right,medium,0,no,no,-999.0,5.0,1.0,7.0,7.0,1.0
361,21,male,left,medium,21,no,no,-999.0,6.0,-999.0,-999.0,-999.0,-999.0
362,21,female,right,medium,19,yes,yes,2.0,4.5,7.0,1.0,1.0,7.0
363,24,female,right,low,23,yes,yes,1.0,2.0,-999.0,-999.0,-999.0,-999.0
364,20,female,right,high,25,yes,yes,2.0,2.0,7.0,1.0,1.0,7.0
365,20,male,right,medium,19,no,no,-999.0,5.0,1.0,7.0,7.0,1.0
366,26,male,left,low,24,no,no,-999.0,4.0,-999.0,-999.0,-999.0,-999.0
367,24,female,right,medium,19,no,no,-999.0,4.5,-999.0,-999.0,-999.0,-999.0
368,25,male,right,medium,20,no,no,-999.0,6.0,1.0,7.0,7.0,1.0
369,20,male,right,high,20,no,no,-999.0,6.0,-999.0,-999.0,-999.0,-999.0
370,22,female,right,high,27,no,no,-999.0,3.5,7.0,1.0,1.0,7.0
371,23,female,left,medium,20,no,no,-999.0,4.0,1.0,7.0,1.0,7.0
372,24,male,right,medium,21,yes,yes,3.0,4.0,1.0,7.0,7.0,1.0
373,26,female,right,medium,20,yes,yes,2.0,3.0,7.0,1.0,1.0,7.0
374,23,male,right,medium,32,no,no,-999.0,4.5,-999.0,-999.0,-999.0,-999.0
375,24,male,right,high,22,no,yes,-999.0,5.0,1.0,7.0,7.0,1.0
376,22,female,left,medium,24,no,no,-999.0,4.5,7.0,1.0,1.0,5.0
377,26,male,right,high,22,no,yes,-999.0,3.0,1.0,7.0,7.0,1.0
378,20,female,right,high,30,no,yes,-999.0,4.0,-999.0,-999.0,-999.0,-999.0
379,25,female,right,high,21,no,yes,-999.0,3.5,7.0,1.0,1.0,7.0
380,24,female,right,medium,25,no,no,-999.0,4.5,5.0,4.0,2.0,7.0
381,21,male,right,high,22,no,no,-999.0,6.0,1.0,7.0,7.0,1.0
382,24,male,right,high,24,no,no,-999.0,6.0,2.0,6.0,5.0,2.0
383,22,female,right,medium,23,yes,yes,1.0,3.0,-999.0,-999.0,-999.0,-999.0
384,22,female,right,medium,23,yes,yes,5.0,2.0,7.0,1.0,1.0,7.0
385,24,male,left,medium,19,yes,yes,5.0,4.0,1.0,7.0,5.0,1.0
386,24,female,right,high,24,no,yes,-999.0,4.0,-999.0,-999.0,-999.0,-999.0
387,24,male,right,medium,26,yes,yes,2.0,4.0,1.0,7.0,7.0,1.0
388,25,male,right,medium,26,no,no,-999.0,5.0,1.0,7.0,7.0,1.0
389,20,female,left,medium,22,no,no,-999.0,3.5,-999.0,-999.0,-999.0,-999.0
390,22,female,right,low,24,no,no,-999.0,4.0,-999.0,-999.0,-999.0,-999.0
391,22,female,right,high,21,no,yes,-999.0,4.0,-999.0,-999.0,-999.0,-999.0
392,21,male,right,high,21,no,no,-999.0,6.0,-999.0,-999.0,-999.0,-999.0
393,22,male,right,medium,34,no,no,-999.0,3.5,-999.0,-999.0,-999.0,-999.0
394,22,female,left,high,25,no,yes,-999.0,6.0,-999.0,-999.0,-999.0,-999.0
395,21,female,left,low,22,yes,yes,1.0,3.5,-999.0,-999.0,-999.0,-999.0
396,22,male,left,medium,25,no,no,-999.0,4.0,-999.0,-999.0,-999.0,-999.0
397,24,female,right,high,21,no,no,-999.0,4.5,-999.0,-999.0,-999.0,-999.0
398,24,male,right,medium,37,no,no,-999.0,3.0,-999.0,-999.0,-999.0,-999.0
399,22,female,right,high,26,no,no,-999.0,3.5,-999.0,-999.0,-999.0,-999.0
400,22,female,right,low,19,yes,no,2.0,3.0,1.0,7.0,3.0,3.0
401,23,male,right,high,25,no,no,-999.0,3.5,1.0,7.0,6.0,2.0
402,22,male,right,low,25,no,no,-999.0,2.0,1.0,7.0,5.0,2.0
403,21,female,right,medium,32,no,yes,-999.0,2.0,7.0,1.0,2.0,5.0
404,25,female,right,medium,28,no,yes,-999.0,2.5,7.0,1.0,1.0,7.0
405,20,male,right,medium,19,no,no,-999.0,3.5,1.0,7.0,7.0,1.0
406,20,female,right,low,25,no,no,-999.0,4.0,5.0,3.0,1.0,7.0
407,20,male,right,medium,23,no,no,-999.0,4.5,-999.0,-999.0,-999.0,-999.0
408,24,male,right,high,23,yes,yes,4.0,4.0,1.0,7.0,7.0,1.0
409,22,male,left,medium,21,no,no,-999.0,4.0,1.0,7.0,6.0,1.0
410,25,male,right,high,27,no,yes,-999.0,2.0,1.0,7.0,6.0,2.0
411,21,female,right,medium,19,no,no,-999.0,5.0,-999.0,-999.0,-999.0,-999.0
412,23,male,right,high,25,yes,yes,1.0,6.0,1.0,7.0,7.0,1.0
413,21,female,right,high,21,yes,yes,2.0,4.0,7.0,1.0,1.0,5.0
414,23,male,right,medium,24,no,no,-999.0,4.0,-999.0,-999.0,-999.0,-999.0
415,23,female,right,high,22,no,no,-999.0,3.5,7.0,1.0,1.0,7.0
416,25,male,right,high,29,no,no,-999.0,3.0,-999.0,-999.0,-999.0,-999.0
417,24,female,right,low,18,no,no,-999.0,2.0,7.0,1.0,1.0,7.0
418,24,male,right,high,23,no,no,-999.0,3.5,-999.0,-999.0,-999.0,-999.0
419,23,male,right,high,24,no,no,-999.0,5.0,-999.0,-999.0,-999.0,-999.0
420,25,female,right,low,20,no,no,-999.0,2.0,4.0,4.0,1.0,7.0
421,21,female,right,medium,23,no,no,-999.0,4.5,7.0,1.0,1.0,7.0
422,26,male,right,medium,24,no,no,-999.0,5.0,1.0,7.0,6.0,2.0
423,25,female,right,low,24,no,no,-999.0,3.0,-999.0,-999.0,-999.0,-999.0
424,22,female,right,medium,21,no,yes,-999.0,2.0,-999.0,-999.0,-999.0,-999.0
425,25,male,right,low,35,no,no,-999.0,3.0,1.0,7.0,7.0,1.0
426,20,male,right,medium,25,no,yes,-999.0,3.0,-999.0,-999.0,-999.0,-999.0
427,24,female,right,high,22,no,no,-999.0,5.0,7.0,1.0,2.0,6.0
428,24,female,right,medium,20,yes,yes,1.0,4.5,7.0,1.0,1.0,7.0
429,26,female,right,high,22,no,no,-999.0,5.0,7.0,1.0,1.0,7.0
430,25,female,right,medium,20,no,no,-999.0,3.5,7.0,1.0,1.0,7.0
431,26,female,right,high,24,no,no,-999.0,4.5,7.0,1.0,2.0,6.0
432,25,female,right,high,22,no,no,-999.0,5.0,1.0,7.0,1.0,7.0
433,24,female,right,high,22,no,no,-999.0,6.0,7.0,1.0,1.0,7.0
434,23,male,right,high,23,no,no,-999.0,3.0,-999.0,-999.0,-999.0,-999.0
435,24,female,left,high,27,no,no,-999.0,4.0,-999.0,-999.0,-999.0,-999.0
436,20,female,right,medium,34,no,no,-999.0,4.0,2.0,5.0,1.0,7.0
437,23,female,right,high,30,no,no,-999.0,3.0,-999.0,-999.0,-999.0,-999.0
438,22,male,right,medium,24,yes,yes,2.0,3.0,1.0,7.0,7.0,1.0
439,21,female,right,high,19,no,no,-999.0,2.0,-999.0,-999.0,-999.0,-999.0
440,22,female,right,high,21,no,no,-999.0,5.0,7.0,1.0,2.0,6.0
441,24,male,right,low,22,no,yes,-999.0,3.0,7.0,1.0,3.0,3.0
442,21,female,right,medium,21,no,no,-999.0,4.0,7.0,1.0,1.0,7.0
443,21,male,right,medium,22,no,yes,-999.0,3.5,4.0,1.0,6.0,1.0
444,25,male,right,medium,33,yes,yes,1.0,3.0,-999.0,-999.0,-999.0,-999.0
445,25,female,right,medium,22,no,no,-999.0,3.0,7.0,1.0,1.0,7.0
446,20,female,right,high,24,no,no,-999.0,4.0,7.0,1.0,1.0,7.0
447,22,female,right,medium,24,no,no,-999.0,4.5,7.0,1.0,1.0,7.0
448,20,male,right,medium,22,no,no,-999.0,3.5,-999.0,-999.0,-999.0,-999.0
449,20,male,right,high,22,no,yes,-999.0,6.0,1.0,7.0,6.0,1.0
450,26,female,right,medium,26,yes,yes,1.0,4.5,7.0,1.0,1.0,7.0
451,21,female,right,high,18,no,no,-999.0,5.0,-999.0,-999.0,-999.0,-999.0
452,21,male,right,high,23,no,no,-999.0,6.0,-999.0,-999.0,-999.0,-999.0
453,21,male,right,low,20,no,yes,-999.0,3.0,-999.0,-999.0,-999.0,-999.0
454,23,male,right,medium,24,no,no,-999.0,4.0,1.0,7.0,6.0,1.0
455,21,male,right,high,20,yes,yes,5.0,5.0,5.0,4.0,7.0,1.0
456,24,male,right,high,21,yes,no,2.0,6.0,1.0,7.0,6.0,1.0
457,22,female,right,medium,22,no,no,-999.0,3.5,6.0,2.0,1.0,7.0
458,21,female,left,medium,21,no,yes,-999.0,6.0,-999.0,-999.0,-999.0,-999.0
459,20,female,right,low,19,no,yes,-999.0,2.5,5.0,2.0,2.0,6.0
460,22,male,right,low,29,no,no,-999.0,2.0,1.0,7.0,7.0,1.0
461,23,male,right,high,21,no,yes,-999.0,6.0,-999.0,-999.0,-999.0,-999.0
462,22,male,right,medium,28,no,no,-999.0,3.0,1.0,7.0,6.0,1.0
463,22,male,right,high,20,no,yes,-999.0,4.5,-999.0,-999.0,-999.0,-999.0
464,22,male,right,low,0,no,no,-999.0,2.0,1.0,7.0,7.0,1.0
465,22,male,right,low,22,no,no,-999.0,3.0,1.0,7.0,5.0,1.0
466,20,female,right,medium,20,no,no,-999.0,4.0,7.0,2.0,7.0,2.0
467,24,female,right,high,23,no,yes,-999.0,6.0,6.0,1.0,2.0,6.0
468,22,male,right,medium,24,no,yes,-999.0,6.0,1.0,7.0,7.0,1.0
469,22,male,right,medium,20,yes,yes,5.0,2.0,6.0,2.0,7.0,1.0
470,23,female,right,high,18,no,no,-999.0,5.0,6.0,2.0,1.0,5.0
471,26,female,right,high,23,yes,yes,1.0,2.0,-999.0,-999.0,-999.0,-999.0
472,23,female,right,high,24,no,yes,-999.0,3.5,5.0,2.0,1.0,6.0
473,23,male,right,medium,0,no,no,-999.0,5.0,1.0,7.0,7.0,1.0
474,20,male,right,high,22,no,no,-999.0,5.0,1.0,7.0,7.0,1.0
475,25,male,right,high,29,yes,no,4.0,4.0,2.0,6.0,4.0,2.0
476,23,female,right,medium,23,yes,yes,2.0,6.0,-999.0,-999.0,-999.0,-999.0
477,20,male,right,high,22,no,no,-999.0,6.0,1.0,7.0,7.0,1.0
478,24,female,right,high,21,no,yes,-999.0,5.0,7.0,2.0,1.0,7.0
479,25,female,right,high,26,no,yes,-999.0,4.5,6.0,2.0,1.0,7.0
480,24,male,right,medium,24,no,no,-999.0,4.0,-999.0,-999.0,-999.0,-999.0
481,23,male,right,medium,24,yes,yes,1.0,3.0,-999.0,-999.0,-999.0,-999.0
482,21,female,right,medium,26,no,no,-999.0,3.0,-999.0,-999.0,-999.0,-999.0
483,24,male,right,high,32,no,yes,-999.0,4.5,-999.0,-999.0,-999.0,-999.0
484,21,female,right,high,24,yes,yes,5.0,3.0,-999.0,-999.0,-999.0,-999.0
485,22,male,right,medium,23,no,no,-999.0,3.0,1.0,7.0,7.0,1.0
486,24,female,right,medium,29,no,no,-999.0,2.5,-999.0,-999.0,-999.0,-999.0
487,25,male,right,medium,26,no,yes,-999.0,5.0,1.0,7.0,7.0,1.0
488,26,female,right,medium,23,no,yes,-999.0,5.0,-999.0,-999.0,-999.0,-999.0
489,25,female,left,medium,21,yes,yes,1.0,5.0,7.0,1.0,1.0,7.0
490,20,male,right,low,20,no,no,-999.0,4.0,1.0,7.0,6.0,2.0
491,22,male,left,high,22,no,yes,-999.0,4.0,-999.0,-999.0,-999.0,-999.0
492,24,male,right,medium,25,no,no,-999.0,4.0,-999.0,-999.0,-999.0,-999.0
493,24,female,right,medium,30,no,no,-999.0,3.0,-999.0,-999.0,-999.0,-999.0
494,21,female,right,medium,25,no,no,-999.0,4.0,-999.0,-999.0,-999.0,-999.0
495,25,male,right,low,21,no,yes,-999.0,4.0,-999.0,-999.0,-999.0,-999.0
496,26,female,right,high,23,yes,yes,1.0,6.0,-999.0,-999.0,-999.0,-999.0
497,21,female,left,medium,20,yes,yes,2.0,3.5,7.0,1.0,1.0,7.0
498,20,female,right,medium,26,no,no,-999.0,3.5,7.0,1.0,1.0,7.0
499,26,male,right,high,23,no,no,-999.0,3.5,1.0,7.0,2.0,1.0
500,26,male,right,low,39,no,no,-999.0,2.0,1.0,7.0,7.0,1.0
501,24,female,right,high,24,no,yes,-999.0,4.0,-999.0,-999.0,-999.0,-999.0
502,26,female,right,high,21,no,no,-999.0,3.5,-999.0,-999.0,-999.0,-999.0
503,20,female,left,medium,24,no,yes,-999.0,4.5,4.0,4.0,1.0,7.0
504,24,female,right,high,28,yes,yes,4.0,5.0,-999.0,-999.0,-999.0,-999.0
505,24,male,right,medium,26,no,no,-999.0,4.0,1.0,7.0,7.0,1.0
506,26,male,right,high,25,no,no,-999.0,5.0,-999.0,-999.0,-999.0,-999.0
507,24,female,right,medium,25,no,no,-999.0,3.0,-999.0,-999.0,-999.0,-999.0
508,24,female,right,high,21,no,no,-999.0,2.5,7.0,1.0,1.0,7.0
509,24,female,left,high,20,no,yes,-999.0,4.5,-999.0,-999.0,-999.0,-999.0
510,23,female,right,high,22,no,no,-999.0,5.0,5.0,2.0,1.0,6.0
511,21,female,right,high,21,no,no,-999.0,3.5,7.0,1.0,1.0,7.0
512,21,male,right,medium,33,no,no,-999.0,3.5,1.0,7.0,7.0,1.0
513,23,female,left,medium,18,yes,yes,1.0,3.5,7.0,1.0,1.0,7.0
514,22,female,right,medium,21,no,no,-999.0,5.0,-999.0,-999.0,-999.0,-999.0
515,24,male,right,high,20,no,no,-999.0,5.5,1.0,7.0,7.0,1.0
516,23,female,right,high,22,no,no,-999.0,4.0,-999.0,-999.0,-999.0,-999.0
517,20,female,right,high,22,no,no,-999.0,3.0,7.0,1.0,1.0,7.0
518,24,female,right,high,21,no,yes,-999.0,5.0,7.0,1.0,1.0,7.0
519,24,male,right,high,22,no,no,-999.0,6.0,1.0,7.0,6.0,1.0
520,21,female,left,medium,22,no,no,-999.0,3.5,-999.0,-999.0,-999.0,-999.0
521,22,female,right,low,36,no,no,-999.0,3.0,6.0,2.0,1.0,7.0
522,24,female,right,high,23,no,no,-999.0,5.0,6.0,2.0,1.0,7.0
523,25,female,right,high,20,no,yes,-999.0,4.5,7.0,1.0,2.0,6.0
524,22,female,right,medium,25,yes,no,4.0,5.0,5.0,3.0,1.0,7.0
525,21,male,right,medium,22,no,no,-999.0,2.0,1.0,7.0,7.0,1.0
526,24,female,right,high,19,no,yes,-999.0,3.0,5.0,3.0,1.0,7.0
527,21,male,right,medium,22,no,yes,-999.0,3.0,-999.0,-999.0,-999.0,-999.0
528,20,male,right,medium,22,no,no,-999.0,4.5,7.0,2.0,7.0,1.0
529,20,male,right,high,23,no,yes,-999.0,6.0,1.0,7.0,7.0,1.0
530,23,male,right,high,23,no,no,-999.0,5.0,1.0,7.0,7.0,1.0
531,21,male,right,medium,23,no,no,-999.0,2.0,1.0,7.0,7.0,1.0
532,21,male,right,high,21,no,yes,-999.0,5.5,-999.0,-999.0,-999.0,-999.0
533,22,male,right,high,25,no,no,-999.0,6.0,1.0,7.0,7.0,1.0
534,24,female,right,medium,35,no,no,-999.0,3.0,-999.0,-999.0,-999.0,-999.0
535,24,female,right,medium,20,no,yes,-999.0,3.5,4.0,4.0,2.0,6.0
536,24,female,left,medium,21,no,no,-999.0,3.0,7.0,1.0,1.0,7.0
537,23,male,right,high,23,yes,yes,1.0,6.0,1.0,7.0,7.0,1.0
538,26,female,right,medium,22,yes,yes,4.0,5.0,-999.0,-999.0,-999.0,-999.0
539,24,male,right,medium,21,no,yes,-999.0,4.5,-999.0,-999.0,-999.0,-999.0
540,24,female,right,high,21,yes,yes,3.0,5.0,1.0,7.0,2.0,6.0
541,21,male,right,high,20,no,no,-999.0,3.0,-999.0,-999.0,-999.0,-999.0
542,26,female,right,high,21,no,yes,-999.0,4.5,7.0,1.0,1.0,7.0
543,24,female,left,medium,23,no,no,-999.0,2.0,-999.0,-999.0,-999.0,-999.0
544,22,male,left,high,25,no,no,-999.0,6.0,1.0,7.0,7.0,1.0
545,25,female,right,low,25,no,no,-999.0,3.0,-999.0,-999.0,-999.0,-999.0
546,26,female,right,medium,23,no,no,-999.0,3.0,-999.0,-999.0,-999.0,-999.0
547,20,female,right,low,22,no,no,-999.0,5.0,7.0,1.0,1.0,7.0
548,23,male,left,medium,32,no,yes,-999.0,4.5,1.0,7.0,7.0,1.0
549,22,female,right,high,20,no,no,-999.0,5.0,-999.0,-999.0,-999.0,-999.0
550,22,male,right,medium,21,no,no,-999.0,5.5,1.0,7.0,7.0,1.0
551,21,female,right,low,28,yes,yes,5.0,5.0,-999.0,-999.0,-999.0,-999.0
552,24,male,right,high,22,no,no,-999.0,3.0,-999.0,-999.0,-999.0,-999.0
553,22,male,right,high,23,no,no,-999.0,3.5,-999.0,-999.0,-999.0,-999.0
554,21,male,right,low,20,no,no,-999.0,4.0,7.0,1.0,6.0,1.0
555,22,male,right,low,26,no,no,-999.0,4.0,1.0,7.0,7.0,1.0
556,25,male,right,medium,19,yes,yes,1.0,2.0,1.0,7.0,7.0,1.0
557,23,female,right,high,23,no,no,-999.0,5.0,7.0,1.0,1.0,7.0
558,20,male,right,high,19,no,yes,-999.0,4.0,1.0,7.0,7.0,1.0
559,25,male,right,high,25,no,no,-999.0,3.0,-999.0,-999.0,-999.0,-999.0
560,22,male,right,medium,27,no,no,-999.0,4.5,1.0,7.0,7.0,1.0
561,20,male,right,medium,0,yes,yes,3.0,4.0,1.0,7.0,7.0,1.0
562,21,female,right,medium,28,yes,yes,1.0,3.0,-999.0,-999.0,-999.0,-999.0
563,22,male,right,high,24,no,no,-999.0,2.5,-999.0,-999.0,-999.0,-999.0
564,25,male,right,medium,17,no,no,-999.0,3.0,7.0,1.0,6.0,2.0
565,22,female,right,medium,22,yes,yes,2.0,4.0,7.0,1.0,1.0,7.0
566,22,male,right,medium,30,no,no,-999.0,4.0,4.0,5.0,3.0,2.0
567,20,male,right,medium,28,no,no,-999.0,4.0,-999.0,-999.0,-999.0,-999.0
568,22,female,right,high,23,no,yes,-999.0,4.0,-999.0,-999.0,-999.0,-999.0
569,24,male,left,high,24,no,yes,-999.0,3.0,2.0,6.0,6.0,1.0
570,23,female,right,high,22,no,yes,-999.0,6.0,-999.0,-999.0,-999.0,-999.0
571,23,female,right,medium,31,no,no,-999.0,4.0,-999.0,-999.0,-999.0,-999.0
572,22,male,right,high,24,no,no,-999.0,6.0,-999.0,-999.0,-999.0,-999.0
573,20,male,right,medium,24,no,no,-999.0,4.0,1.0,7.0,7.0,1.0
574,22,male,right,high,28,yes,yes,4.0,3.0,-999.0,-999.0,-999.0,-999.0
575,24,male,right,medium,30,no,yes,-999.0,3.5,-999.0,-999.0,-999.0,-999.0
576,22,male,right,low,24,no,no,-999.0,2.0,-999.0,-999.0,-999.0,-999.0
577,21,female,right,medium,23,no,no,-999.0,6.0,7.0,2.0,1.0,6.0
578,24,female,right,medium,24,no,yes,-999.0,3.5,-999.0,-999.0,-999.0,-999.0
579,25,male,right,medium,26,yes,yes,3.0,3.0,1.0,7.0,6.0,1.0
580,24,male,right,high,25,no,no,-999.0,2.0,1.0,7.0,7.0,1.0
581,23,female,right,medium,28,no,no,-999.0,3.5,-999.0,-999.0,-999.0,-999.0
582,21,male,right,medium,18,no,no,-999.0,2.5,-999.0,-999.0,-999.0,-999.0
583,22,male,right,medium,18,yes,yes,2.0,3.5,1.0,7.0,6.0,2.0
584,21,female,right,high,24,no,no,-999.0,3.0,7.0,2.0,1.0,5.0
585,23,male,right,low,21,yes,no,3.0,4.0,2.0,7.0,6.0,2.0
586,24,female,right,high,23,no,no,-999.0,4.0,6.0,1.0,1.0,7.0
587,23,female,left,medium,30,no,no,-999.0,4.0,-999.0,-999.0,-999.0,-999.0
588,25,male,right,medium,28,yes,yes,1.0,3.0,1.0,7.0,7.0,1.0
589,21,male,right,high,23,yes,yes,5.0,3.0,1.0,7.0,7.0,1.0
590,23,female,right,medium,25,no,no,-999.0,5.0,7.0,2.0,1.0,7.0
591,25,male,right,high,27,no,no,-999.0,5.5,-999.0,-999.0,-999.0,-999.0
592,24,male,left,medium,22,no,no,-999.0,4.5,-999.0,-999.0,-999.0,-999.0
593,23,female,left,high,20,no,no,-999.0,2.5,1.0,7.0,1.0,7.0
594,23,male,right,high,25,no,no,-999.0,5.5,1.0,7.0,7.0,1.0
595,24,male,right,low,28,no,no,-999.0,3.0,1.0,7.0,7.0,1.0
596,22,male,right,medium,23,yes,yes,1.0,2.0,7.0,1.0,6.0,2.0
597,22,female,right,high,20,no,no,-999.0,6.0,7.0,1.0,1.0,5.0
598,26,female,right,low,36,no,yes,-999.0,3.5,5.0,3.0,1.0,7.0
599,25,female,right,low,34,no,no,-999.0,3.0,7.0,1.0,2.0,6.0
600,26,female,left,low,36,yes,no,3.0,6.0,7.0,1.0,2.0,6.0
601,21,male,right,medium,21,no,yes,-999.0,3.5,-999.0,-999.0,-999.0,-999.0
602,23,female,right,low,22,yes,no,1.0,4.5,5.0,4.0,2.0,6.0
603,22,female,right,high,25,no,no,-999.0,5.0,7.0,1.0,1.0,7.0
604,24,male,right,high,36,no,no,-999.0,5.0,1.0,7.0,6.0,2.0
605,22,male,right,high,18,no,no,-999.0,5.0,1.0,7.0,6.0,1.0
606,20,female,right,low,20,yes,no,1.0,5.0,4.0,4.0,1.0,7.0
607,23,female,right,high,35,yes,yes,4.0,3.5,7.0,1.0,1.0,7.0
608,24,male,left,high,24,yes,yes,2.0,6.0,-999.0,-999.0,-999.0,-999.0
609,24,female,right,high,24,no,yes,-999.0,4.0,-999.0,-999.0,-999.0,-999.0
610,25,female,right,high,21,no,no,-999.0,4.5,-999.0,-999.0,-999.0,-999.0
611,22,female,right,high,27,yes,yes,3.0,3.0,-999.0,-999.0,-999.0,-999.0
612,22,male,right,medium,31,yes,yes,2.0,2.5,-999.0,-999.0,-999.0,-999.0
613,24,female,right,high,22,no,no,-999.0,6.0,6.0,2.0,1.0,6.0
614,24,female,right,high,24,yes,yes,5.0,6.0,7.0,1.0,1.0,7.0
615,23,male,right,medium,25,no,no,-999.0,2.0,-999.0,-999.0,-999.0,-999.0
616,23,female,right,medium,24,yes,yes,3.0,4.0,4.0,4.0,2.0,6.0
617,22,male,right,high,24,yes,yes,2.0,5.0,1.0,7.0,7.0,1.0
618,24,male,left,high,34,no,no,-999.0,5.0,1.0,7.0,7.0,1.0
619,26,female,right,high,20,no,no,-999.0,5.5,-999.0,-999.0,-999.0,-999.0
620,22,female,right,low,23,yes,yes,3.0,2.5,-999.0,-999.0,-999.0,-999.0
621,22,male,right,high,28,no,no,-999.0,6.0,-999.0,-999.0,-999.0,-999.0
622,26,male,right,high,21,no,no,-999.0,4.5,1.0,7.0,6.0,1.0
623,25,female,right,low,40,yes,yes,4.0,2.5,7.0,1.0,1.0,7.0
624,26,male,right,medium,25,no,no,-999.0,6.0,6.0,2.0,7.0,1.0
625,21,male,right,medium,26,no,yes,-999.0,2.0,-999.0,-999.0,-999.0,-999.0
626,23,female,right,high,16,yes,yes,1.0,5.0,6.0,2.0,1.0,6.0
627,22,female,right,medium,22,no,no,-999.0,4.0,-999.0,-999.0,-999.0,-999.0
628,25,male,right,medium,22,yes,yes,1.0,2.0,1.0,7.0,6.0,1.0
629,24,female,right,low,23,no,no,-999.0,5.0,6.0,2.0,1.0,7.0
630,24,male,right,medium,20,no,no,-999.0,3.5,-999.0,-999.0,-999.0,-999.0
631,26,male,right,low,42,no,no,-999.0,2.0,7.0,1.0,7.0,1.0
632,20,male,right,high,21,no,no,-999.0,4.0,-999.0,-999.0,-999.0,-999.0
633,24,male,right,low,17,no,yes,-999.0,2.0,7.0,7.0,7.0,1.0
634,26,female,right,high,23,no,no,-999.0,5.0,2.0,6.0,2.0,5.0
635,24,female,right,medium,23,no,no,-999.0,4.0,7.0,1.0,1.0,7.0
636,21,male,right,high,27,no,no,-999.0,4.5,-999.0,-999.0,-999.0,-999.0
637,21,male,right,medium,23,no,no,-999.0,3.0,-999.0,-999.0,-999.0,-999.0
638,26,male,right,high,24,no,no,-999.0,4.0,-999.0,-999.0,-999.0,-999.0
639,23,female,right,medium,23,no,no,-999.0,3.5,6.0,3.0,1.0,5.0
640,23,male,right,high,25,yes,yes,1.0,3.5,1.0,7.0,7.0,1.0
641,23,male,right,medium,23,no,no,-999.0,3.0,1.0,7.0,7.0,1.0
642,25,female,right,medium,29,no,no,-999.0,2.0,-999.0,-999.0,-999.0,-999.0
643,24,female,right,medium,22,no,no,-999.0,2.0,-999.0,-999.0,-999.0,-999.0
644,25,female,right,high,23,yes,yes,2.0,4.5,7.0,1.0,1.0,7.0
645,20,female,right,medium,29,no,yes,-999.0,2.0,1.0,7.0,1.0,7.0
646,24,male,right,high,28,no,no,-999.0,5.0,-999.0,-999.0,-999.0,-999.0
647,24,male,right,medium,23,no,no,-999.0,6.0,1.0,7.0,7.0,1.0
648,24,female,right,medium,30,no,yes,-999.0,3.0,1.0,7.0,1.0,7.0
649,20,female,right,high,22,yes,yes,5.0,5.0,7.0,1.0,1.0,7.0
650,22,female,right,high,25,no,yes,-999.0,4.0,7.0,1.0,1.0,7.0
651,22,male,right,high,23,yes,yes,2.0,4.5,1.0,7.0,7.0,1.0
652,21,female,right,high,21,yes,yes,5.0,2.0,7.0,1.0,1.0,7.0
653,24,male,right,medium,24,no,no,-999.0,3.0,7.0,1.0,7.0,1.0
654,26,male,right,medium,21,no,no,-999.0,2.0,-999.0,-999.0,-999.0,-999.0
655,22,female,left,high,30,no,no,-999.0,4.0,6.0,2.0,1.0,7.0
656,20,female,right,high,19,no,no,-999.0,5.0,-999.0,-999.0,-999.0,-999.0
657,23,male,right,medium,25,yes,yes,2.0,3.0,-999.0,-999.0,-999.0,-999.0
658,25,male,right,high,24,no,no,-999.0,4.0,-999.0,-999.0,-999.0,-999.0
659,22,male,right,low,21,no,no,-999.0,2.5,1.0,7.0,7.0,1.0
660,22,male,right,high,21,no,no,-999.0,4.5,-999.0,-999.0,-999.0,-999.0
661,22,male,left,high,22,yes,yes,2.0,3.0,1.0,7.0,4.0,2.0
662,20,female,right,high,20,no,yes,-999.0,4.0,-999.0,-999.0,-999.0,-999.0
663,21,female,right,medium,23,no,no,-999.0,3.0,-999.0,-999.0,-999.0,-999.0
664,25,female,left,high,23,no,no,-999.0,6.0,7.0,1.0,1.0,7.0
665,25,female,right,medium,31,no,no,-999.0,6.0,-999.0,-999.0,-999.0,-999.0
666,25,female,right,high,21,yes,yes,4.0,5.0,6.0,2.0,2.0,6.0
667,20,female,right,high,20,no,no,-999.0,6.0,5.0,3.0,1.0,6.0
668,24,male,right,medium,24,no,no,-999.0,3.0,-999.0,-999.0,-999.0,-999.0
669,22,female,right,high,27,no,no,-999.0,5.5,6.0,2.0,1.0,6.0
670,25,female,right,medium,20,no,no,-999.0,3.5,7.0,1.0,1.0,7.0
671,23,male,right,medium,27,yes,yes,5.0,3.0,1.0,7.0,7.0,1.0
672,21,male,right,high,26,yes,yes,2.0,5.0,1.0,7.0,7.0,1.0
673,21,male,right,medium,16,no,no,-999.0,3.0,-999.0,-999.0,-999.0,-999.0
674,23,female,right,low,22,no,no,-999.0,3.0,7.0,1.0,2.0,6.0
675,24,female,right,high,23,no,yes,-999.0,5.5,7.0,1.0,1.0,7.0
676,26,male,right,medium,28,no,no,-999.0,2.0,1.0,7.0,1.0,1.0
677,26,male,right,medium,24,no,no,-999.0,2.0,1.0,7.0,7.0,1.0
678,23,female,right,high,24,no,no,-999.0,5.0,-999.0,-999.0,-999.0,-999.0
679,22,male,right,low,32,yes,yes,5.0,3.0,-999.0,-999.0,-999.0,-999.0
680,21,male,right,medium,27,no,no,-999.0,5.5,1.0,7.0,7.0,1.0
681,25,female,right,high,26,no,no,-999.0,6.0,-999.0,-999.0,-999.0,-999.0
682,20,male,right,high,20,no,no,-999.0,6.0,1.0,7.0,6.0,2.0
683,26,male,right,high,25,yes,no,1.0,3.0,-999.0,-999.0,-999.0,-999.0
684,22,female,right,high,26,no,yes,-999.0,6.0,7.0,2.0,3.0,6.0
685,20,male,right,high,23,yes,yes,3.0,6.0,1.0,7.0,5.0,2.0
686,22,female,right,medium,24,no,no,-999.0,4.0,7.0,1.0,2.0,6.0
687,22,female,right,medium,28,no,no,-999.0,5.0,6.0,4.0,1.0,6.0
688,24,female,right,high,24,no,no,-999.0,2.0,-999.0,-999.0,-999.0,-999.0
689,26,male,left,low,24,no,no,-999.0,4.0,-999.0,-999.0,-999.0,-999.0
690,22,female,right,medium,23,no,no,-999.0,5.0,1.0,7.0,1.0,7.0
691,21,male,right,medium,19,no,no,-999.0,3.5,1.0,7.0,6.0,1.0
692,20,female,right,high,41,yes,yes,4.0,2.0,-999.0,-999.0,-999.0,-999.0
693,20,female,right,high,34,no,no,-999.0,5.0,-999.0,-999.0,-999.0,-999.0
694,25,male,right,medium,22,no,no,-999.0,6.0,-999.0,-999.0,-999.0,-999.0
695,25,female,right,low,23,yes,yes,2.0,2.0,7.0,1.0,1.0,7.0
696,22,female,left,medium,22,no,yes,-999.0,4.0,-999.0,-999.0,-999.0,-999.0
697,24,male,right,high,24,no,no,-999.0,4.0,1.0,7.0,7.0,1.0
698,24,female,left,high,22,no,no,-999.0,3.5,-999.0,-999.0,-999.0,-999.0
699,24,female,right,medium,23,no,no,-999.0,5.0,-999.0,-999.0,-999.0,-999.0
700,26,female,right,high,22,no,no,-999.0,6.0,7.0,1.0,1.0,7.0
701,21,male,right,high,20,no,no,-999.0,5.0,2.0,7.0,7.0,1.0
702,21,male,right,high,23,yes,yes,1.0,5.0,1.0,7.0,7.0,1.0
703,25,male,right,high,23,no,no,-999.0,4.5,2.0,6.0,6.0,2.0
704,21,male,right,medium,23,no,no,-999.0,2.5,1.0,7.0,7.0,1.0
705,25,female,right,high,21,no,no,-999.0,5.0,7.0,1.0,1.0,7.0
706,23,female,right,high,21,no,no,-999.0,5.0,-999.0,-999.0,-999.0,-999.0
707,23,female,right,high,20,yes,yes,3.0,2.0,7.0,1.0,1.0,7.0
708,20,female,right,medium,24,no,no,-999.0,2.0,-999.0,-999.0,-999.0,-999.0
709,24,female,right,high,20,no,no,-999.0,4.0,-999.0,-999.0,-999.0,-999.0
710,25,female,right,medium,22,no,no,-999.0,5.0,-999.0,-999.0,-999.0,-999.0
711,21,female,right,medium,24,yes,yes,1.0,4.0,-999.0,-999.0,-999.0,-999.0
712,26,female,right,high,27,no,no,-999.0,3.5,7.0,1.0,1.0,5.0
713,22,male,right,medium,22,no,no,-999.0,2.0,-999.0,-999.0,-999.0,-999.0
714,20,male,right,high,28,no,no,-999.0,6.0,1.0,7.0,7.0,1.0
715,19,male,right,medium,27,yes,no,2.0,3.0,1.0,7.0,7.0,1.0
716,20,male,right,medium,24,no,yes,-999.0,3.0,1.0,7.0,6.0,1.0
717,22,male,right,medium,30,no,no,-999.0,3.5,1.0,7.0,7.0,1.0
718,23,female,right,high,31,no,no,-999.0,6.0,6.0,2.0,1.0,6.0
719,23,male,right,high,24,yes,yes,5.0,2.5,-999.0,-999.0,-999.0,-999.0
720,25,male,right,high,25,no,yes,-999.0,4.5,1.0,7.0,7.0,1.0
721,24,male,right,high,29,no,no,-999.0,5.0,1.0,7.0,2.0,1.0
722,23,male,right,high,22,no,yes,-999.0,5.0,1.0,7.0,6.0,1.0
723,25,female,right,high,26,yes,yes,2.0,3.5,7.0,1.0,1.0,7.0
724,22,female,right,high,22,no,no,-999.0,5.5,7.0,1.0,2.0,6.0
725,24,female,right,medium,26,no,no,-999.0,3.0,-999.0,-999.0,-999.0,-999.0
726,20,female,right,medium,20,no,no,-999.0,4.0,5.0,3.0,3.0,5.0
727,22,female,left,medium,20,no,no,-999.0,3.0,7.0,1.0,1.0,7.0
728,22,male,right,high,22,no,no,-999.0,4.0,-999.0,-999.0,-999.0,-999.0
729,20,female,right,high,23,yes,no,1.0,3.5,7.0,1.0,1.0,7.0
730,24,male,right,medium,24,yes,yes,3.0,4.5,-999.0,-999.0,-999.0,-999.0
731,21,female,right,high,23,no,no,-999.0,4.0,7.0,1.0,1.0,7.0
732,21,female,right,high,28,no,yes,-999.0,5.0,-999.0,-999.0,-999.0,-999.0
733,22,female,right,high,24,yes,yes,1.0,4.0,-999.0,-999.0,-999.0,-999.0
734,24,female,right,high,26,no,no,-999.0,4.5,7.0,1.0,1.0,7.0
735,24,male,right,high,21,no,no,-999.0,4.0,-999.0,-999.0,-999.0,-999.0
736,23,female,right,high,28,no,no,-999.0,2.0,-999.0,-999.0,-999.0,-999.0
737,24,female,left,high,24,no,no,-999.0,6.0,-999.0,-999.0,-999.0,-999.0
738,21,male,left,high,21,no,no,-999.0,5.0,1.0,7.0,7.0,1.0
739,26,female,right,high,18,no,no,-999.0,2.5,7.0,1.0,1.0,6.0
740,24,male,right,medium,0,no,no,-999.0,2.0,1.0,7.0,7.0,1.0
741,23,male,right,high,35,no,yes,-999.0,5.0,-999.0,-999.0,-999.0,-999.0
742,22,male,right,high,23,no,no,-999.0,5.0,-999.0,-999.0,-999.0,-999.0
743,24,male,right,high,23,no,no,-999.0,6.0,-999.0,-999.0,-999.0,-999.0
744,24,male,right,high,22,no,no,-999.0,6.0,1.0,7.0,7.0,1.0
745,23,female,right,high,21,no,no,-999.0,6.0,7.0,1.0,1.0,7.0
746,22,female,right,medium,24,no,no,-999.0,4.0,7.0,1.0,1.0,7.0
747,21,male,right,medium,24,no,no,-999.0,4.0,1.0,7.0,7.0,1.0
748,20,female,right,high,22,no,no,-999.0,6.0,-999.0,-999.0,-999.0,-999.0
749,24,male,right,medium,29,no,yes,-999.0,3.5,1.0,7.0,7.0,1.0
750,23,female,right,high,23,no,no,-999.0,4.5,7.0,1.0,1.0,7.0
751,25,male,right,medium,28,yes,no,2.0,4.5,1.0,7.0,1.0,7.0
752,20,female,right,medium,35,no,no,-999.0,2.0,-999.0,-999.0,-999.0,-999.0
753,24,male,right,medium,21,yes,yes,1.0,3.0,1.0,7.0,7.0,1.0
754,24,male,right,high,21,no,yes,-999.0,5.0,-999.0,-999.0,-999.0,-999.0
755,21,female,right,high,21,no,yes,-999.0,6.0,-999.0,-999.0,-999.0,-999.0
756,26,male,right,high,23,no,no,-999.0,5.5,1.0,7.0,6.0,1.0
757,22,female,right,high,24,yes,yes,3.0,4.0,-999.0,-999.0,-999.0,-999.0
758,21,male,right,high,24,yes,yes,2.0,5.0,1.0,7.0,7.0,1.0
759,26,male,right,medium,36,no,yes,-999.0,2.0,2.0,6.0,7.0,2.0
760,22,male,right,medium,21,no,no,-999.0,5.0,1.0,7.0,6.0,2.0
761,25,female,right,low,26,no,no,-999.0,2.0,7.0,1.0,1.0,7.0
762,26,female,right,high,20,no,yes,-999.0,4.0,7.0,1.0,1.0,7.0
763,24,female,right,medium,28,no,yes,-999.0,3.5,6.0,2.0,1.0,7.0
764,22,female,right,high,24,no,yes,-999.0,5.0,7.0,1.0,1.0,7.0
765,22,female,right,high,21,no,no,-999.0,4.0,3.0,5.0,2.0,6.0
766,25,male,right,medium,41,no,no,-999.0,2.0,-999.0,-999.0,-999.0,-999.0
767,24,male,right,medium,31,no,no,-999.0,3.0,1.0,7.0,7.0,1.0
768,20,female,right,high,24,yes,yes,4.0,5.5,-999.0,-999.0,-999.0,-999.0
769,24,female,right,high,20,no,no,-999.0,6.0,-999.0,-999.0,-999.0,-999.0
770,21,male,right,medium,23,no,no,-999.0,4.5,1.0,7.0,7.0,1.0
771,20,female,left,medium,22,yes,yes,2.0,2.5,-999.0,-999.0,-999.0,-999.0
772,26,female,right,high,25,no,yes,-999.0,4.0,-999.0,-999.0,-999.0,-999.0
773,20,female,right,medium,33,no,no,-999.0,4.0,-999.0,-999.0,-999.0,-999.0
774,21,female,right,medium,29,no,no,-999.0,4.0,7.0,1.0,1.0,7.0
775,22,male,right,high,27,no,no,-999.0,5.0,-999.0,-999.0,-999.0,-999.0
776,24,female,right,high,27,yes,yes,1.0,4.0,7.0,1.0,1.0,7.0
777,24,male,right,high,18,no,yes,-999.0,3.5,-999.0,-999.0,-999.0,-999.0
778,22,male,right,medium,30,yes,yes,5.0,2.0,1.0,7.0,7.0,1.0
779,21,male,right,high,20,no,no,-999.0,5.0,6.0,2.0,7.0,1.0
780,25,male,right,low,30,no,no,-999.0,4.0,1.0,7.0,7.0,1.0
781,22,male,right,high,24,no,no,-999.0,3.0,-999.0,-999.0,-999.0,-999.0
782,25,male,right,high,28,no,no,-999.0,4.0,1.0,7.0,7.0,1.0
783,22,female,left,medium,24,no,no,-999.0,3.0,-999.0,-999.0,-999.0,-999.0
784,25,female,right,high,24,yes,yes,5.0,3.0,7.0,2.0,1.0,7.0
785,24,male,left,medium,26,no,no,-999.0,3.0,-999.0,-999.0,-999.0,-999.0
786,20,male,right,medium,22,no,yes,-999.0,4.5,1.0,7.0,7.0,1.0
787,23,female,right,medium,24,no,no,-999.0,4.5,7.0,1.0,1.0,7.0
788,23,male,right,medium,30,no,no,-999.0,3.0,-999.0,-999.0,-999.0,-999.0
789,23,female,left,high,21,no,no,-999.0,5.0,-999.0,-999.0,-999.0,-999.0
790,22,female,right,high,19,no,no,-999.0,4.0,7.0,1.0,1.0,7.0
791,22,female,right,high,23,no,no,-999.0,6.0,1.0,1.0,1.0,6.0
792,22,female,right,high,21,no,no,-999.0,5.0,7.0,1.0,1.0,6.0
793,24,female,right,medium,37,yes,yes,5.0,2.0,-999.0,-999.0,-999.0,-999.0
794,24,female,left,high,21,no,no,-999.0,4.5,-999.0,-999.0,-999.0,-999.0
795,22,male,right,high,26,no,no,-999.0,5.5,-999.0,-999.0,-999.0,-999.0
796,21,female,right,high,24,no,no,-999.0,3.0,7.0,1.0,1.0,7.0
797,23,male,right,medium,19,no,no,-999.0,4.5,-999.0,-999.0,-999.0,-999.0
798,24,male,right,high,21,no,yes,-999.0,5.0,-999.0,-999.0,-999.0,-999.0
799,22,female,right,high,26,yes,yes,3.0,5.0,-999.0,-999.0,-999.0,-999.0
800,22,female,right,high,19,no,no,-999.0,6.0,-999.0,-999.0,-999.0,-999.0
801,23,male,right,high,22,no,yes,-999.0,2.0,1.0,7.0,6.0,1.0
802,20,male,right,medium,20,no,no,-999.0,3.0,7.0,1.0,7.0,1.0
803,20,female,right,medium,22,no,no,-999.0,4.5,-999.0,-999.0,-999.0,-999.0
804,25,female,left,high,23,no,no,-999.0,5.0,1.0,7.0,1.0,6.0
805,25,female,right,high,22,no,no,-999.0,3.0,7.0,1.0,1.0,7.0
806,26,female,right,high,21,no,no,-999.0,5.0,6.0,2.0,1.0,6.0
807,26,male,right,medium,18,no,yes,-999.0,2.0,5.0,2.0,5.0,1.0
808,23,female,right,medium,26,no,no,-999.0,3.0,-999.0,-999.0,-999.0,-999.0
809,20,male,right,medium,21,no,no,-999.0,3.0,1.0,6.0,5.0,2.0
810,24,female,right,medium,19,no,no,-999.0,2.0,-999.0,-999.0,-999.0,-999.0
811,22,male,right,medium,28,no,no,-999.0,6.0,-999.0,-999.0,-999.0,-999.0
812,25,male,left,medium,24,no,yes,-999.0,5.0,1.0,7.0,7.0,1.0
813,23,female,right,high,25,no,no,-999.0,4.0,7.0,1.0,1.0,7.0
814,22,female,left,low,23,no,yes,-999.0,2.0,7.0,2.0,1.0,4.0
815,21,male,right,high,26,no,no,-999.0,5.0,1.0,7.0,7.0,1.0
816,22,female,right,high,18,no,no,-999.0,4.0,7.0,1.0,1.0,5.0
817,23,female,right,medium,30,no,no,-999.0,2.5,-999.0,-999.0,-999.0,-999.0
818,21,male,right,medium,24,no,no,-999.0,2.0,-999.0,-999.0,-999.0,-999.0
819,22,female,right,low,25,yes,yes,3.0,3.0,7.0,1.0,1.0,7.0
820,20,male,right,medium,22,no,no,-999.0,4.5,1.0,7.0,7.0,1.0
821,22,female,right,high,21,no,no,-999.0,3.0,7.0,1.0,1.0,7.0
822,24,female,left,high,20,no,no,-999.0,6.0,-999.0,-999.0,-999.0,-999.0
823,23,female,right,high,31,yes,yes,2.0,4.0,7.0,1.0,1.0,7.0
824,24,female,right,high,20,no,no,-999.0,6.0,7.0,2.0,2.0,6.0
825,20,female,right,medium,35,no,yes,-999.0,3.5,7.0,1.0,1.0,6.0
826,25,female,right,medium,32,no,no,-999.0,3.5,7.0,1.0,1.0,6.0
827,24,male,right,medium,20,no,yes,-999.0,3.5,-999.0,-999.0,-999.0,-999.0
828,21,male,right,medium,21,yes,yes,1.0,5.0,1.0,7.0,7.0,1.0
829,25,female,right,high,31,no,yes,-999.0,2.0,-999.0,-999.0,-999.0,-999.0
830,26,male,right,medium,21,no,no,-999.0,4.0,1.0,7.0,6.0,1.0
831,24,male,left,high,29,no,yes,-999.0,3.5,-999.0,-999.0,-999.0,-999.0
832,21,female,right,medium,19,yes,yes,3.0,3.0,-999.0,-999.0,-999.0,-999.0
833,23,female,right,medium,20,no,yes,-999.0,4.5,-999.0,-999.0,-999.0,-999.0
834,22,female,right,high,24,no,no,-999.0,3.5,6.0,2.0,1.0,5.0
835,21,male,right,medium,24,no,no,-999.0,4.0,1.0,7.0,1.0,1.0
836,24,male,right,high,21,no,yes,-999.0,2.0,-999.0,-999.0,-999.0,-999.0
837,25,male,left,high,24,yes,yes,2.0,2.0,1.0,7.0,5.0,2.0
838,24,female,right,high,21,no,no,-999.0,4.5,7.0,1.0,1.0,7.0
839,26,male,right,high,23,no,yes,-999.0,5.0,-999.0,-999.0,-999.0,-999.0
840,23,male,left,high,23,no,no,-999.0,3.5,1.0,7.0,6.0,1.0
841,24,male,right,high,23,no,yes,-999.0,5.0,2.0,7.0,6.0,2.0
842,22,female,left,high,31,no,no,-999.0,3.0,-999.0,-999.0,-999.0,-999.0
843,23,male,right,medium,23,no,yes,-999.0,4.5,1.0,7.0,7.0,1.0
844,22,female,right,medium,26,yes,yes,1.0,4.0,-999.0,-999.0,-999.0,-999.0
845,24,male,right,medium,25,no,yes,-999.0,2.0,1.0,7.0,7.0,1.0
846,22,female,right,medium,27,no,no,-999.0,4.0,7.0,1.0,1.0,7.0
847,21,male,right,high,24,no,no,-999.0,3.0,-999.0,-999.0,-999.0,-999.0
848,24,female,right,medium,23,yes,yes,5.0,2.5,-999.0,-999.0,-999.0,-999.0
849,25,female,right,medium,26,no,no,-999.0,4.5,7.0,2.0,1.0,7.0
850,20,male,right,medium,19,yes,yes,5.0,4.0,1.0,7.0,7.0,1.0
851,24,female,right,high,20,yes,yes,5.0,5.0,7.0,1.0,1.0,7.0
852,23,male,right,high,0,no,no,-999.0,4.5,1.0,7.0,6.0,1.0
853,26,female,right,high,21,no,no,-999.0,5.0,7.0,1.0,1.0,7.0
854,26,female,right,high,24,no,yes,-999.0,4.0,6.0,2.0,1.0,7.0
855,24,male,right,medium,30,yes,yes,4.0,4.0,1.0,7.0,7.0,1.0
856,22,female,right,medium,25,no,no,-999.0,2.5,-999.0,-999.0,-999.0,-999.0
857,22,female,right,medium,24,no,no,-999.0,2.0,7.0,1.0,1.0,7.0
858,24,female,right,medium,37,yes,yes,2.0,4.0,-999.0,-999.0,-999.0,-999.0
859,26,female,right,high,26,yes,yes,3.0,6.0,-999.0,-999.0,-999.0,-999.0
860,26,male,right,high,25,no,no,-999.0,2.0,1.0,7.0,7.0,1.0
861,21,female,right,medium,25,yes,yes,2.0,2.5,-999.0,-999.0,-999.0,-999.0
862,21,male,right,medium,28,yes,yes,1.0,4.5,-999.0,-999.0,-999.0,-999.0
863,21,male,right,medium,29,no,yes,-999.0,5.0,-999.0,-999.0,-999.0,-999.0
864,24,male,right,medium,24,yes,yes,5.0,4.0,-999.0,-999.0,-999.0,-999.0
865,22,female,right,medium,29,no,no,-999.0,5.0,-999.0,-999.0,-999.0,-999.0
866,23,male,right,medium,33,no,no,-999.0,4.0,1.0,7.0,7.0,1.0
867,20,female,right,high,22,no,no,-999.0,3.5,-999.0,-999.0,-999.0,-999.0
868,22,female,right,high,19,no,yes,-999.0,6.0,7.0,1.0,1.0,7.0
869,21,female,right,medium,26,no,no,-999.0,3.5,-999.0,-999.0,-999.0,-999.0
870,22,female,right,high,23,no,no,-999.0,5.0,-999.0,-999.0,-999.0,-999.0
871,22,female,right,high,29,no,no,-999.0,5.0,5.0,4.0,1.0,7.0
872,23,male,right,low,20,no,no,-999.0,4.0,1.0,7.0,7.0,1.0
873,23,female,right,high,29,no,no,-999.0,3.5,7.0,1.0,1.0,7.0
874,24,female,right,medium,19,no,no,-999.0,4.5,-999.0,-999.0,-999.0,-999.0
875,22,female,right,high,22,no,no,-999.0,5.0,-999.0,-999.0,-999.0,-999.0
876,20,male,right,medium,21,yes,yes,5.0,4.5,1.0,7.0,7.0,1.0
877,23,female,right,low,24,no,no,-999.0,3.5,7.0,1.0,1.0,7.0
878,26,male,right,medium,22,no,no,-999.0,2.0,1.0,7.0,6.0,2.0
879,26,female,right,high,23,no,no,-999.0,4.0,-999.0,-999.0,-999.0,-999.0
880,24,male,right,low,23,yes,no,3.0,4.0,1.0,7.0,7.0,1.0
881,20,female,right,medium,20,no,no,-999.0,2.5,-999.0,-999.0,-999.0,-999.0
882,22,female,right,high,24,no,no,-999.0,5.0,5.0,2.0,1.0,7.0
883,21,female,right,medium,24,no,no,-999.0,4.5,7.0,1.0,1.0,7.0
884,25,male,right,high,22,no,no,-999.0,4.0,1.0,7.0,7.0,1.0
885,24,female,right,medium,34,no,no,-999.0,2.5,-999.0,-999.0,-999.0,-999.0
886,24,male,right,medium,21,yes,yes,4.0,4.0,1.0,7.0,7.0,1.0
887,20,female,right,high,20,yes,yes,4.0,5.0,7.0,1.0,1.0,7.0
888,21,female,right,high,22,no,no,-999.0,6.0,-999.0,-999.0,-999.0,-999.0
889,24,female,right,high,39,no,no,-999.0,4.0,5.0,3.0,1.0,6.0
890,22,male,right,high,25,no,no,-999.0,4.0,1.0,7.0,6.0,1.0
891,22,male,right,medium,26,no,no,-999.0,4.0,1.0,7.0,7.0,1.0
892,24,female,right,medium,30,no,yes,-999.0,3.0,-999.0,-999.0,-999.0,-999.0
893,22,male,right,medium,27,no,no,-999.0,3.5,1.0,7.0,7.0,1.0
894,23,male,right,high,23,no,yes,-999.0,5.0,1.0,7.0,7.0,1.0
895,21,male,right,medium,19,yes,yes,1.0,2.0,1.0,7.0,7.0,1.0
896,23,male,right,high,25,no,no,-999.0,5.0,4.0,5.0,7.0,1.0
897,23,female,right,low,33,yes,no,5.0,4.5,-999.0,-999.0,-999.0,-999.0
898,26,male,right,high,21,no,no,-999.0,5.0,1.0,7.0,7.0,1.0
899,22,male,left,high,27,no,no,-999.0,4.0,1.0,7.0,7.0,1.0
900,26,female,right,medium,18,no,no,-999.0,4.5,-999.0,-999.0,-999.0,-999.0
901,24,female,right,medium,36,no,no,-999.0,3.5,1.0,7.0,1.0,7.0
902,22,male,right,medium,29,no,yes,-999.0,4.0,1.0,7.0,7.0,1.0
903,21,female,right,high,20,yes,yes,4.0,4.0,7.0,1.0,1.0,7.0
904,22,male,right,medium,28,no,no,-999.0,3.5,-999.0,-999.0,-999.0,-999.0
905,22,male,right,medium,25,no,no,-999.0,4.0,-999.0,-999.0,-999.0,-999.0
906,21,female,right,high,24,yes,yes,4.0,3.0,7.0,1.0,1.0,7.0
907,23,female,left,high,18,no,no,-999.0,4.5,6.0,2.0,2.0,7.0
908,23,male,right,high,20,no,yes,-999.0,4.0,3.0,6.0,5.0,1.0
909,24,male,left,high,22,yes,no,1.0,4.0,2.0,6.0,7.0,1.0
910,20,male,left,medium,23,no,no,-999.0,5.0,-999.0,-999.0,-999.0,-999.0
911,22,male,right,high,26,no,no,-999.0,4.5,-999.0,-999.0,-999.0,-999.0
912,22,male,right,high,24,no,yes,-999.0,6.0,2.0,6.0,7.0,1.0
913,23,female,right,high,23,no,no,-999.0,3.5,7.0,1.0,1.0,7.0
914,25,male,right,low,17,no,no,-999.0,3.0,2.0,6.0,6.0,2.0
915,24,male,right,medium,32,no,no,-999.0,4.0,1.0,7.0,5.0,1.0
916,20,female,right,medium,22,no,no,-999.0,4.5,7.0,7.0,1.0,5.0
917,26,female,right,high,32,no,no,-999.0,3.0,-999.0,-999.0,-999.0,-999.0
918,22,female,right,low,35,no,no,-999.0,3.0,5.0,4.0,1.0,5.0
919,21,male,right,low,20,no,no,-999.0,3.5,-999.0,-999.0,-999.0,-999.0
920,21,female,right,medium,24,no,no,-999.0,2.0,5.0,3.0,1.0,7.0
921,21,male,left,high,23,no,yes,-999.0,4.0,1.0,7.0,7.0,1.0
922,22,male,right,medium,19,no,no,-999.0,3.0,1.0,7.0,7.0,1.0
923,22,male,right,medium,21,no,no,-999.0,3.0,2.0,6.0,4.0,4.0
924,25,male,right,medium,30,no,no,-999.0,4.0,1.0,7.0,7.0,1.0
925,21,male,right,high,22,yes,yes,5.0,2.0,-999.0,-999.0,-999.0,-999.0
926,24,female,right,medium,35,no,no,-999.0,2.5,7.0,2.0,1.0,7.0
927,20,male,left,high,19,no,no,-999.0,5.0,-999.0,-999.0,-999.0,-999.0
